"variable","percent","dollar"
"After-Tax Income",65.414178,39589.9698453206
"Income Tax",13.043726,7894.32405633262
"Employee Payroll Taxes",8.195229,4959.91662519243
"Employer Payroll Taxes",13.385032,8100.88927905891
"Pre-tax",100,60522.001584
