"OECD Average","Year"
"36.199353","2000"
"35.86299","2001"
"35.770249","2002"
"35.607831","2003"
"35.684828","2004"
"35.493324","2005"
"35.455814","2006"
"35.410767","2007"
"34.938888","2008"
"34.444759","2009"
"34.511252","2010"
"34.957467","2011"
"35.090111","2012"
"35.306405","2013"
"35.280427","2014"
"35.244918","2015"
"35.189668","2016"
"35.058947","2017"
"34.938495","2018"
"34.861324","2019"
"34.633317","2020"
"34.575021","2021"
