"variable","percent","dollar"
"After-Tax Income",63.938255,34408.881871639
"Income Tax",13.485529,7257.34498599567
"Employee Payroll Taxes",8.158086,4390.33904620438
"Employer Payroll Taxes",14.423171,7761.9445065157
"Pre-tax",100,53815.797556
