"Year","OECD Average"
"2000",37.401485
"2001",37.045521
"2002",36.949422
"2003",36.782945
"2004",36.867157
"2005",36.660163
"2006",36.62001
"2007",36.572438
"2008",36.075177
"2009",35.539013
"2010",35.607234
"2011",36.095037
"2012",36.235084
"2013",36.468656
"2014",36.453665
"2015",36.413835
"2016",36.368364
"2017",36.223001
"2018",36.061745
