"Year","OECD Average"
"2000",36.395164
"2001",36.052334
"2002",35.959209
"2003",35.796166
"2004",35.8761
"2005",35.676096
"2006",35.634468
"2007",35.586344
"2008",35.102002
"2009",34.58122
"2010",34.647625
"2011",35.106553
"2012",35.242763
"2013",35.46694
"2014",35.451145
"2015",35.410825
"2016",35.364282
"2017",35.224407
"2018",35.101321
"2019",35.014927
"2020",34.62586
