"variable","percent","dollar"
"After-Tax Income",69.531411,48793.2279491303
"Income Tax",15.863077,11131.8139658579
"Employee Payroll Taxes",7.073826,4964.01266027069
"Employer Payroll Taxes",7.531686,5285.31301974115
"Pre-tax",100,70174.367595
