"variable","percent","dollar"
"After-Tax Income",65.37414,35759.7627898915
"Income Tax",13.105898,7168.9478994066
"Employee Payroll Taxes",8.258545,4517.43778487403
"Employer Payroll Taxes",13.315617,7283.66453954188
"Pre-tax",100,54700.165524
