"variable","percent","dollar"
"After-Tax Income",65.424979,38123.0604243208
"Income Tax",12.963368,7553.73970493298
"Employee Payroll Taxes",8.212417,4785.36599179832
"Employer Payroll Taxes",13.456374,7841.01373718835
"Pre-tax",100,58269.885611
