"variable","percent","dollar"
"After-Tax Income",64.029898,35592.1171683285
"Income Tax",13.723207,7628.28001801949
"Employee Payroll Taxes",8.48695,4717.61674213108
"Employer Payroll Taxes",13.763353,7650.59586078156
"Pre-tax",100,55586.715394
