"Year","OECD Average"
"2000",37.398314
"2001",37.042775
"2002",36.945953
"2003",36.779173
"2004",36.862367
"2005",36.657285
"2006",36.616733
"2007",36.569253
"2008",36.072284
"2009",35.537682
"2010",35.605348
"2011",36.090703
"2012",36.231295
"2013",36.462621
"2014",36.447069
"2015",36.394855
"2016",36.344961
"2017",36.209282
"2018",36.07553
"2019",35.970102
